Newest Info,Restaurant Name,Season,Timestamp,Status,Over 18,City,Restaurant Address,Chef Name,Chef Phone,Chef Email,,Interested,Completed,Training,Notes,Monday,Tuesday,Wednesday,Thursday,Friday,Saturday,Sunday
Newest Info,Millennium Restaurant,Spring 2026,4/3/2025 18:08:24,Active,No,Oakland,"5912 College Ave, Oakland, CA 94618, United States",Eric Tucker,510-435-5404,cheferic65@gmail.com,,,,,,,,,,Maybe - I'd like to learn more,Yes,Yes,,N/A (I've already done one),"The intern needs to have some back of the house restaurant experience, we are a small staff in a busy restaurant, and just cannot provide the one on one training some one with no experience needs",Unavailable,All Day (9AM-9PM),All Day (9AM-9PM),All Day (9AM-9PM),All Day (9AM-9PM),All Day (9AM-9PM),Unavailable,No,,july 4,"Spring, Summer, Fall",Yes,Maybe - I'd like more information,No,,Tyler Jaye,No,925-336-6788,TylerJaye@gmail.com,"Maybe, I’d need more details",Maybe - I'd like more information,Maybe - I'd like more information,,,,,,Millennium Restaurant,Maybe - I'd like more information
Newest Info,Mago,Spring 2026,4/4/2025 9:21:37,Active,No,Oakland,3762 Piedmont Ave Oakland 94611,Mark Liberman,916-337-7249,Mark@magorestaurant.com,,,,,,,,,,Maybe - I'd like to learn more,Yes,Yes,,Yes,,Unavailable,"12PM-1PM, 1PM-2PM, 2PM-3PM, 3PM-4PM, 4PM-5PM, 5PM-6PM","12PM-1PM, 1PM-2PM, 2PM-3PM, 3PM-4PM, 4PM-5PM, 5PM-6PM","12PM-1PM, 1PM-2PM, 2PM-3PM, 3PM-4PM, 4PM-5PM, 5PM-6PM","12PM-1PM, 1PM-2PM, 2PM-3PM, 3PM-4PM, 4PM-5PM, 5PM-6PM","12PM-1PM, 1PM-2PM, 2PM-3PM, 3PM-4PM, 4PM-5PM, 5PM-6PM",Unavailable,No,No preference,Closed in July 4th,"Spring, Summer, Fall",Yes,Yes,Maybe,,,,916-337-7249,,"Yes, I’d love additional help",Yes,Yes,,,,,,Mago,Yes
Newest Info,Snail Bar,Spring 2026,4/4/2025 17:45:37,Active,No,Oakland,"4935 Shattuck Ave., Oakland, CA 94609, United States",Zachary Breaux,786-537-4573,zach.leftonmadeline@gmail.com,,,,,,,,,,No,Maybe - I'd like to learn more,Yes,,N/A (I've already done one),,Unavailable,Unavailable,Unavailable,Unavailable,All Day (9AM-9PM),All Day (9AM-9PM),All Day (9AM-9PM),No,No preference,July 1 - 12,"Spring, Summer, Fall",Yes,Yes,No,,Steven Bravo,NO,786-537-4573,SNAILBAROAKLAND@GMAIL.COM,"Maybe, I’d need more details",Yes,Maybe - I'd like more information,,,,,,Snail Bar,Maybe - I'd like more information
Newest Info,alaMar Dominican Kitchen,Spring 2026,4/10/2025 13:34:37,Active,No,Oakland,100 Grand Avenue Oakland CA 94612,Nelson German,646-823-5605,nelson@sobremesaoak.com,,,,,,,,,,Maybe - I'd like to learn more,Yes,No,,Scheduled for the live scan on 04/11/25,,Unavailable,All Day (9AM-9PM),All Day (9AM-9PM),All Day (9AM-9PM),All Day (9AM-9PM),All Day (9AM-9PM),Unavailable,Yes,Different shifts,We are closed everyday between 3:00 pm and 5:00 pm,"Spring, Summer, Fall",Yes,Maybe - I'd like more information,Maybe,,Juan Bibiano ,Harriet Pearlstein - harriet@sobremesaoak.com,510-502-1109,juansuastegui12@gmail.com,"Yes, I’d love additional help",Yes,Maybe - I'd like more information,,,best put with spanish speaker ,,,alaMar Dominican Kitchen,Maybe - I'd like more information
Newest Info,Sobre Mesa,Spring 2026,4/10/2025 13:47:49,Active,Yes,Oakland,"1618 Franklin Street Oakland,CA 94612",Nelson German,646-823-5605,nelson@sobremesaoak.com,,,,,,,,,,Maybe - I'd like to learn more,Yes,No,,Scheduled for the background check on 04/11/2025,,Unavailable,4PM-5PM,4PM-5PM,4PM-5PM,4PM-5PM,4PM-5PM,Unavailable,Yes,Different shifts,"11/27/25, 12/25/2025, 01/01/2026","Spring, Summer, Fall",Yes,Maybe - I'd like more information,Maybe,,Alexander Travis ,Harriet Pearlstein - harriet@sobremesaoak.com,510-830-9184,reddculinary@gmail.com,"Yes, I’d love additional help",Yes,Maybe - I'd like more information,,,,,,Sobre Mesa,Maybe - I'd like more information
Newest Info,Tarts de Feybesse,Spring 2026,5/13/2025 9:16:40,Active,No,Oakland,"324 24th Street, Oakland, California, 94591",Monique Feybesse,415-350-8918,monique@tartsdefeybesse.com,,,,,,,,,,No,Yes,No,,Yes,,Unavailable,All Day (9AM-9PM),All Day (9AM-9PM),All Day (9AM-9PM),All Day (9AM-9PM),All Day (9AM-9PM),All Day (9AM-9PM),Yes,Different shifts,"Thanksgiving and day after, Christmas and day after New Year’s Day and after","Spring, Summer, Fall",Out of town first week of june,Yes,"Yes - BOH, Yes - FOH",,Paul Feybesse,,415-818-7732,Paul@tartsdefeybesse.com,"Yes, I’d love additional help",Yes,Yes,,,,,,Tarts de Feybesse,Yes
Newest Info,RÊVE,Spring 2026,4/13/2025 10:18:38,Active,Yes,"Lafayette (East Bay, CA)",960 Moraga Rd Lafayette CA 94549,Paul Magu-Lecugy,415-298-4911,bonjour@revebistro.com,,,,,,,,,,No,Yes,No,,Yes,We would like an intern who is able to work in a disciplined environment. Someone who is really interested in having a career as a chef.,Unavailable,"9AM-10AM, 10AM-11AM, 11AM-12PM, 12PM-1PM, 1PM-2PM, 2PM-3PM","9AM-10AM, 10AM-11AM, 11AM-12PM, 12PM-1PM, 1PM-2PM, 2PM-3PM","9AM-10AM, 10AM-11AM, 11AM-12PM, 12PM-1PM, 1PM-2PM, 2PM-3PM","9AM-10AM, 10AM-11AM, 11AM-12PM, 12PM-1PM, 1PM-2PM, 2PM-3PM","9AM-10AM, 10AM-11AM, 11AM-12PM, 12PM-1PM, 1PM-2PM, 2PM-3PM",Unavailable,No,,July 21 - August 4,"Spring, Summer, Fall",Yes,Yes,Yes - BOH,,Laura Magu,,925-451-4911,,"Yes, I’d love additional help",Yes,Yes,,,,,,RÊVE,Yes
Newest Info,ABURAYAxSPATS,Spring 2026,1/22/2026 12:01:02,Active,No,Berkeley,"1974 Shuttack Ave, Berkeley CA 94607",Hiroyuki Adachi ,415-259-9442,Adachi@aburayaoakland.com,,,,,,,,,,Maybe - I'd like to learn more,Maybe - I'd like to learn more,No,,Yes,Would be nice if they love rock and roll! ,"9AM-10AM, 10AM-11AM, 11AM-12PM, 12PM-1PM, 1PM-2PM, 2PM-3PM, 3PM-4PM","9AM-10AM, 10AM-11AM, 11AM-12PM, 12PM-1PM, 1PM-2PM, 2PM-3PM, 3PM-4PM","9AM-10AM, 10AM-11AM, 11AM-12PM, 12PM-1PM, 1PM-2PM, 2PM-3PM, 3PM-4PM","9AM-10AM, 10AM-11AM, 11AM-12PM, 12PM-1PM, 1PM-2PM, 2PM-3PM, 3PM-4PM","9AM-10AM, 10AM-11AM, 11AM-12PM, 12PM-1PM, 1PM-2PM, 2PM-3PM, 3PM-4PM",Unavailable,Unavailable,We could. But one for each locations ,No preference,Sunday and every single holidays. No other closure  has been planned. ,"Do not auto-enroll me as a restaurant host, check in with me each season about my schedule",Yes,No,Maybe,,N/A,,123-456-7890,NA@notavailable.com ,"Yes, I’d love additional help",Maybe - I'd like more information,Yes,https://venmo.com/u/Hiroyuki-Adachi
Newest Info,ABURAYA ,Spring 2026,1/22/2026 12:01:05,Active,No,Oakland,362 17th St Oakland CA 94612,Hiroyuki Adachi ,415-259-9443,Adachi@aburayaoakland.com,,,,,,,,,,Maybe - I'd like to learn more,Maybe - I'd like to learn more,No,,,Would be nice if they love rock and roll! ,"9AM-10AM, 10AM-11AM, 11AM-12PM, 12PM-1PM, 1PM-2PM, 2PM-3PM, 3PM-4PM","9AM-10AM, 10AM-11AM, 11AM-12PM, 12PM-1PM, 1PM-2PM, 2PM-3PM, 3PM-4PM","9AM-10AM, 10AM-11AM, 11AM-12PM, 12PM-1PM, 1PM-2PM, 2PM-3PM, 3PM-4PM","9AM-10AM, 10AM-11AM, 11AM-12PM, 12PM-1PM, 1PM-2PM, 2PM-3PM, 3PM-4PM","9AM-10AM, 10AM-11AM, 11AM-12PM, 12PM-1PM, 1PM-2PM, 2PM-3PM, 3PM-4PM",Unavailable,Unavailable,We could. But one for each locations ,,Sunday and every single holidays. No other closure  has been planned. ,"Do not auto-enroll me as a restaurant host, check in with me each season about my schedule",Yes,No,Maybe,,N/A,,123-456-7891,NA@notavailable.com ,"Yes, I’d love additional help",Maybe - I'd like more information,Yes,https://venmo.com/u/Hiroyuki-Adachi
Newest Info,Co Nam Restaurant,Spring 2026,1/27/2026 20:28:41,Active,Yes,Oakland,3936 telegraph Ave. oakland ca ,Vy Lieou,510-501-8859,Vy@conamsf.com,,,,,,,,,,No,Maybe - I'd like to learn more,No,,No,,,"10AM-11AM, 11AM-12PM, 12PM-1PM, 1PM-2PM, 2PM-3PM, 3PM-4PM","10AM-11AM, 11AM-12PM, 12PM-1PM, 1PM-2PM, 2PM-3PM, 3PM-4PM","10AM-11AM, 11AM-12PM, 12PM-1PM, 1PM-2PM, 2PM-3PM, 3PM-4PM","10AM-11AM, 11AM-12PM, 12PM-1PM, 1PM-2PM, 2PM-3PM, 3PM-4PM","9AM-10AM, 10AM-11AM, 11AM-12PM, 12PM-1PM, 1PM-2PM, 2PM-3PM, 3PM-4PM","9AM-10AM, 10AM-11AM, 11AM-12PM, 12PM-1PM, 1PM-2PM, 2PM-3PM, 3PM-4PM",No,,None,"Spring, Summer, Fall",Yes,No,Maybe,,Trung nguyen,,510-376-8816,trung@threebuddhas.com,"Yes, I’d love additional help",Yes,Maybe - I'd like more information
,Julie's Coffee & Tea Garden,Spring 2026,1/28/2026 20:35:49,Active,No,Alameda,1223 Park Street,Shannon Marsden,510-910-2794,Shannon@juliestea.com,,,,,,,,,,Maybe - I'd like to learn more,Maybe - I'd like to learn more,No,,Yes,This would be a baking position ,"9AM-10AM, 10AM-11AM, 11AM-12PM, 12PM-1PM, 1PM-2PM, 2PM-3PM","9AM-10AM, 10AM-11AM, 11AM-12PM, 12PM-1PM, 1PM-2PM, 2PM-3PM",,,"9AM-10AM, 10AM-11AM, 11AM-12PM, 12PM-1PM, 1PM-2PM, 2PM-3PM","9AM-10AM, 10AM-11AM, 11AM-12PM, 12PM-1PM, 1PM-2PM, 2PM-3PM","9AM-10AM, 10AM-11AM, 11AM-12PM, 12PM-1PM, 1PM-2PM, 2PM-3PM, 3PM-4PM",No,,N/A,"Do not auto-enroll me as a restaurant host, check in with me each season about my schedule",Yes,Maybe - I'd like more information,Maybe,,Olivia Cusack ,,510-910-2794,alameda@juliestea.com,"Maybe, I’d need more details",Maybe - I'd like more information,Maybe - I'd like more information
Newest Info,Julie's Coffee & Tea Garden,Spring 2026,2/19/2026 13:49:32,Active,No,"Alameda, CA",1223 Park Street,Shannon Marsden,510-910-2794,shannon@juliestea.com,,,,,,,,,,Maybe - I'd like to learn more,Maybe - I'd like to learn more,Yes,,Yes,We are specifically looking for an intern who would like to learn about baking,"9AM-10AM, 10AM-11AM, 11AM-12PM, 12PM-1PM, 1PM-2PM, 2PM-3PM","9AM-10AM, 10AM-11AM, 11AM-12PM, 12PM-1PM, 1PM-2PM, 2PM-3PM",,,"9AM-10AM, 10AM-11AM, 11AM-12PM, 12PM-1PM, 1PM-2PM, 2PM-3PM","9AM-10AM, 10AM-11AM, 11AM-12PM, 12PM-1PM, 1PM-2PM, 2PM-3PM","9AM-10AM, 10AM-11AM, 11AM-12PM, 12PM-1PM, 1PM-2PM, 2PM-3PM",No,,N/A,"Do not auto-enroll me as a restaurant host, check in with me each season about my schedule",Yes,Maybe - I'd like more information,Maybe,,TBD,TBD,510-000-0000,TBD@tbd.com,"Maybe, I’d need more details",Maybe - I'd like more information,Maybe - I'd like more information
Newest Info,The Butcher Shop,Spring 2026,4/7/2025 9:46:37,Active,Yes,San Francisco,"57 Division St, San Francisco, CA 94103, United States",Guy Crims,650-255-2865,guy@thebutchershopsf.com,,,,,,,,,,Yes,Maybe - I'd like to learn more,Yes,,Yes,No thank you,Unavailable,"9AM-10AM, 10AM-11AM, 11AM-12PM, 12PM-1PM, 1PM-2PM, 2PM-3PM","9AM-10AM, 10AM-11AM, 11AM-12PM, 12PM-1PM, 1PM-2PM, 2PM-3PM","9AM-10AM, 10AM-11AM, 11AM-12PM, 12PM-1PM, 1PM-2PM, 2PM-3PM","9AM-10AM, 10AM-11AM, 11AM-12PM, 12PM-1PM, 1PM-2PM, 2PM-3PM","9AM-10AM, 10AM-11AM, 11AM-12PM, 12PM-1PM, 1PM-2PM, 2PM-3PM","9AM-10AM, 10AM-11AM, 11AM-12PM, 12PM-1PM, 1PM-2PM, 2PM-3PM",Yes,No preference,All national holidays,"Spring, Summer, Fall",Yes,Yes,Yes - BOH,,HR - Must Include,,650-255-2865,brigette@omakasesf.com,"Yes, I’d love additional help",No,Yes,,,,,,The Butcher Shop,Yes
Newest Info,Hahdough bakery,Spring 2026,1/14/2026 18:08:02,Active,Yes,San Francisco,"509 Laguna St, San Francisco, CA 94102",Ha Do,415-832-9523,hado79@gmail.com,,,,,,,,,,No,No,No,,Yes,,Unavailable,Unavailable,"9AM-10AM, 10AM-11AM, 11AM-12PM, 12PM-1PM, 1PM-2PM, 2PM-3PM","9AM-10AM, 10AM-11AM, 11AM-12PM, 12PM-1PM, 1PM-2PM, 2PM-3PM","9AM-10AM, 10AM-11AM, 11AM-12PM, 12PM-1PM, 1PM-2PM, 2PM-3PM","9AM-10AM, 10AM-11AM, 11AM-12PM, 12PM-1PM, 1PM-2PM",Unavailable,No,,N/A,"Spring, Summer, Fall",Yes,No,No,,N/a,,415-832-9523,hado79@gmail.com,"No, not at this time",Yes,No,@hahdough
Newest Info,Teranga,Spring 2026,4/3/2025 19:01:39,Active,No,San Francisco,"4 Embarcadero Ctr, San Francisco, CA 94111, United States",Nafy Flatley,510-333-7528,nafyteranga@gmail.com,,,,,,,,,,,Yes,Yes,,N/A (I've already done one),,"10AM-11AM, 11AM-12PM, 12PM-1PM, 1PM-2PM, 2PM-3PM","10AM-11AM, 11AM-12PM, 12PM-1PM, 1PM-2PM, 2PM-3PM","10AM-11AM, 11AM-12PM, 12PM-1PM, 1PM-2PM, 2PM-3PM","10AM-11AM, 11AM-12PM, 12PM-1PM, 1PM-2PM, 2PM-3PM","10AM-11AM, 11AM-12PM, 12PM-1PM, 1PM-2PM, 2PM-3PM",Unavailable,Unavailable,Yes,No preference,Normal holidays,"Spring, Summer, Fall",Yes,Yes,No,,,,510-333-7528,,"Yes, I’d love additional help",Maybe - I'd like more information,Yes,,,,,,Teranga ,Yes
Newest Info,Abaca,Spring 2026,4/4/2025 0:19:41,Active,No,San Francisco,"2700 Jones St, San Francisco, CA 94133, United States",Aaron Escalada,707-567-2602,aaron@restaurantabaca.com,,,,,,,,,,Maybe - I'd like to learn more,No,Yes,,N/A (I've already done one),,"10AM-11AM, 11AM-12PM, 12PM-1PM, 2PM-3PM, 3PM-4PM, 4PM-5PM","10AM-11AM, 11AM-12PM, 12PM-1PM, 2PM-3PM, 3PM-4PM, 4PM-5PM","10AM-11AM, 11AM-12PM, 12PM-1PM, 2PM-3PM, 3PM-4PM, 4PM-5PM","10AM-11AM, 11AM-12PM, 12PM-1PM, 2PM-3PM, 3PM-4PM, 4PM-5PM","10AM-11AM, 11AM-12PM, 12PM-1PM, 2PM-3PM, 3PM-4PM, 4PM-5PM","10AM-11AM, 11AM-12PM, 12PM-1PM, 2PM-3PM, 3PM-4PM, 4PM-5PM","10AM-11AM, 11AM-12PM, 12PM-1PM, 2PM-3PM, 3PM-4PM, 4PM-5PM",Yes,No preference,No Days during this period,"Spring, Summer, Fall",Yes,Maybe - I'd like more information,"Yes - BOH, Yes - FOH",,Edmund Baylon,Francis Ang - francis@restaurantabaca.com  - 650-392-9851,415-533-7319,edmund@restaurantabaca.com,"Yes, I’d love additional help",Yes,Maybe - I'd like more information,,,,,,Abaca ,Maybe - I'd like more information
Newest Info,Nopa Fish,Spring 2026,4/4/2025 7:04:28,Active,No,San Francisco,"1 Ferry Building, San Francisco, CA 94105",Sean Eastwood,630-824-7988,Sean@nopasf.com,,,,,,,,,,Maybe - I'd like to learn more,No,Yes,,N/A (I've already done one),,All Day (9AM-9PM),All Day (9AM-9PM),All Day (9AM-9PM),All Day (9AM-9PM),All Day (9AM-9PM),All Day (9AM-9PM),Unavailable,Yes,Different shifts,N/A,"Spring, Summer, Fall",Yes,Maybe - I'd like more information,Maybe,,Maria Clarke,No,414-702-6163,Maria@nopasf.com,"Yes, I’d love additional help",Yes,Maybe - I'd like more information,,,,,,Nopa Fish,Maybe - I'd like more information
Newest Info,The Holbrook House,Spring 2026,4/7/2025 19:09:59,Active,No,San Francisco,"1 Sansome Street San Francisco, CA 94104",Sebastian Brown,305-923-0486,sebastian@conservatorysf.com,,,,,,,,,,No,Yes,Yes,,N/A (I've already done one),Not at the moment.,All Day (9AM-9PM),All Day (9AM-9PM),All Day (9AM-9PM),All Day (9AM-9PM),All Day (9AM-9PM),Unavailable,Unavailable,Yes,Different shifts,TBD by Catering Bookings,"Spring, Summer, Fall",Yes,Maybe - I'd like more information,Maybe,,,Chef Larry Finn,305-923-0486,ricky.@holbrookhousesf.com,"Maybe, I’d need more details",Yes,Yes,,,,,,The Holbrook House,Yes
Newest Info,Dalida,Spring 2026,5/12/2025 10:01:21,Active,No,San Francisco,"101 Montgomery St., Suite 100, Presidio CA 94129",Sayat Ozyilmaz,845-372-3038,sayat.ozyilmaz@gmail.com,,,,,,,,,,Maybe - I'd like to learn more,Maybe - I'd like to learn more,No,,Yes,Looking forward.,Unavailable,"All Day (9AM-9PM), 9AM-10AM, 10AM-11AM, 11AM-12PM, 12PM-1PM, 1PM-2PM, 2PM-3PM, 3PM-4PM, 4PM-5PM","All Day (9AM-9PM), 9AM-10AM, 10AM-11AM, 11AM-12PM, 12PM-1PM, 1PM-2PM, 2PM-3PM, 3PM-4PM, 4PM-5PM","All Day (9AM-9PM), 9AM-10AM, 10AM-11AM, 11AM-12PM, 12PM-1PM, 1PM-2PM, 2PM-3PM, 3PM-4PM, 4PM-5PM","All Day (9AM-9PM), 9AM-10AM, 10AM-11AM, 11AM-12PM, 12PM-1PM, 1PM-2PM, 2PM-3PM, 3PM-4PM, 4PM-5PM","All Day (9AM-9PM), 9AM-10AM, 10AM-11AM, 11AM-12PM, 12PM-1PM, 1PM-2PM, 2PM-3PM, 3PM-4PM, 4PM-5PM","All Day (9AM-9PM), 9AM-10AM, 10AM-11AM, 11AM-12PM, 12PM-1PM, 1PM-2PM, 2PM-3PM, 3PM-4PM, 4PM-5PM",Yes,Different shifts,"We are open for 4th of July, closed for all the Monday Holidays. No scheduled maint at this point.","Spring, Summer, Fall",Yes,Maybe - I'd like more information,"Yes - BOH, Yes - FOH",,Laura Ozyilmaz,,845-372-3038,laura.ozyilmaz@gmail.com,"Maybe, I’d need more details",Yes,Maybe - I'd like more information,,,,,,Dalida,Maybe - I'd like more information
Newest Info,Arquet,Spring 2026,9/2/2025 16:48:59,Active,No,San Francisco,"1 Ferry Building Suite 5, San Francisco CA",Alex Hong,303-931-2870,alex@arquetrestaurant.com,,,,,,,,,,No,Maybe - I'd like to learn more,Yes,,Yes,,Unavailable,Unavailable,All Day (9AM-9PM),All Day (9AM-9PM),All Day (9AM-9PM),All Day (9AM-9PM),All Day (9AM-9PM),Yes,No preference,Christmas,"Spring, Summer, Fall",Yes,Maybe - I'd like more information,"Yes - BOH, Yes - FOH",,Anshuman,,111-111-1111,anshuman@arquetrestaurant.com,"Yes, I’d love additional help",Maybe - I'd like more information,Yes,@hongg
Newest Info,Ssal,Spring 2026,9/2/2025 22:37:49,Active,Maybe - I need to check,San Francisco,2226 polk st. San Francisco CA 94109,Junsoo Bae,415-302-1624,bjs0607@gmail.com,,,,,,,,,,No,Maybe - I'd like to learn more,No,,Yes,,Unavailable,Unavailable,"10AM-11AM, 11AM-12PM, 12PM-1PM, 1PM-2PM, 2PM-3PM, 3PM-4PM, 4PM-5PM","10AM-11AM, 11AM-12PM, 12PM-1PM, 1PM-2PM, 2PM-3PM, 3PM-4PM, 4PM-5PM","10AM-11AM, 11AM-12PM, 12PM-1PM, 1PM-2PM, 2PM-3PM, 3PM-4PM, 4PM-5PM","10AM-11AM, 11AM-12PM, 12PM-1PM, 1PM-2PM, 2PM-3PM, 3PM-4PM, 4PM-5PM","10AM-11AM, 11AM-12PM, 12PM-1PM, 1PM-2PM, 2PM-3PM, 3PM-4PM, 4PM-5PM",No,,Thanksgiving,"Spring, Summer, Fall",Yes,Yes,"Yes - BOH, Yes - FOH",,n/a,no,000-000-0000,none@gmail.com,"Yes, I’d love additional help",Yes,Yes
Newest Info,Sorrel Restaurant,Spring 2026,9/3/2025 22:10:59,Active,No,San Francisco,"3228 Sacremento Street, San Francisco, CA, 94115",Matt Hall,718-883-0630,matt@sorrelrestaurant.com,,,,,,,,,,No,No,No,,No,,Unavailable,Unavailable,"1PM-2PM, 2PM-3PM, 3PM-4PM, 4PM-5PM, 5PM-6PM, 6PM-7PM, 7PM-8PM","1PM-2PM, 2PM-3PM, 3PM-4PM, 4PM-5PM, 5PM-6PM, 6PM-7PM, 7PM-8PM","1PM-2PM, 2PM-3PM, 3PM-4PM, 4PM-5PM, 5PM-6PM, 6PM-7PM, 7PM-8PM","1PM-2PM, 2PM-3PM, 3PM-4PM, 4PM-5PM, 5PM-6PM, 6PM-7PM, 7PM-8PM","1PM-2PM, 2PM-3PM, 3PM-4PM, 4PM-5PM, 5PM-6PM, 6PM-7PM, 7PM-8PM",No,,12/24-1/01 2026,"Spring, Summer, Fall",Yes,Maybe - I'd like more information,No,,Nagi Vergara ,,626-343-1993,Nagi@sorrelrestaurant.com ,"Maybe, I’d need more details",Maybe - I'd like more information,Maybe - I'd like more information
Newest Info,Foreign Cinema,Spring 2026,9/8/2025 15:32:29,Active,Yes,San Francisco,"2534 Mission St, San Francisco, CA",Eric Gibbs,908-285-3131,Ericg@foreigncinema.com,,,,,,,,,,Maybe - I'd like to learn more,Maybe - I'd like to learn more,Yes,,N/A (I've already done one),We love hosting interns at foreign cinema. We have a great success with many of our interns. Would hope have to another intern with the skill and eagerness that our last interns have had…,Unavailable,"10AM-11AM, 11AM-12PM, 12PM-1PM, 1PM-2PM, 2PM-3PM","10AM-11AM, 11AM-12PM, 12PM-1PM, 1PM-2PM, 2PM-3PM","10AM-11AM, 11AM-12PM, 12PM-1PM, 1PM-2PM, 2PM-3PM","10AM-11AM, 11AM-12PM, 12PM-1PM, 1PM-2PM, 2PM-3PM","10AM-11AM, 11AM-12PM, 12PM-1PM, 1PM-2PM, 2PM-3PM",Unavailable,No,,Thanksgiving,"Spring, Summer",Yes,Maybe - I'd like more information,Maybe,,Eric Gibbs ,,908-285-3131,Ericg@foreigncinema.com,"Maybe, I’d need more details",Maybe - I'd like more information,Maybe - I'd like more information
Newest Info,Wolfsbane,Spring 2026,9/16/2025 12:55:47,Active,No,San Francisco,"2495 third street, san francisco, CA, 94107",Rupert Blease,415-613-8332,rupert@wolfsbanesf.com,,,,,,,,,,Maybe - I'd like to learn more,No,No,,Yes,,Unavailable,All Day (9AM-9PM),All Day (9AM-9PM),All Day (9AM-9PM),All Day (9AM-9PM),All Day (9AM-9PM),Unavailable,Yes,No preference,"thanksgiving, the week of Christmas","Spring, Summer, Fall","Yes, it might be a little tight in the start date but I will know more in a week",Maybe - I'd like more information,"Yes - BOH, Yes - FOH",,Noe Jimenez ,,626-324-0336,Noe@wolfsbanesf.com,"Maybe, I’d need more details",Maybe - I'd like more information,Maybe - I'd like more information,Zelle  4156138332
Newest Info,Azalina's,Spring 2026,9/26/2025 1:15:09,Active,Yes,San Francisco,"499 Ellis Street, San Francisco, CA 94102",Azalina Eusope,415-407-2038,azalina@azalinas.com,,,,,,,,,,Maybe - I'd like to learn more,Yes,No,,Yes,,Unavailable,Unavailable,"5PM-6PM, 6PM-7PM, 7PM-8PM, 8PM-9PM","5PM-6PM, 6PM-7PM, 7PM-8PM, 8PM-9PM","5PM-6PM, 6PM-7PM, 7PM-8PM, 8PM-9PM","5PM-6PM, 6PM-7PM, 7PM-8PM, 8PM-9PM",Unavailable,Yes,Different shifts,"Varies, Availability may have a wider range","Spring, Summer, Fall",Yes,Yes,"Yes - FOH, Maybe",,Tim Benson,Andrew Benson - drew@azalinas.com,415-205-9284,tim@azalinas.com,"Maybe, I’d need more details",Yes,Yes,@Azalinas (Venmo)
Newest Info,La Cigale,Spring 2026,4/3/2025 16:07:59,Active,No,San Francisco,"679 Chenery St, San Francisco, CA 94131",Joseph Magidow,612 203 0683,chef@la-cigale-sf.com,,,,,,,,,,,,,,,,Unavailable,Unavailable,"10AM-11AM, 11AM-12PM, 12PM-1PM, 1PM-2PM, 2PM-3PM, 3PM-4PM, ","10AM-11AM, 11AM-12PM, 12PM-1PM, 1PM-2PM, 2PM-3PM, 3PM-4PM, ","10AM-11AM, 11AM-12PM, 12PM-1PM, 1PM-2PM, 2PM-3PM, 3PM-4PM, ","10AM-11AM, 11AM-12PM, 12PM-1PM, 1PM-2PM, 2PM-3PM, 3PM-4PM, ",Unavailable
Newest Info,Meski SF,Spring 2026,2/2/2026 14:43:41,Active,Maybe - I need to check,San Francisco,"1000 Larkin Street San Francisco, CA 94109",Leonard Roberts III,916-591-9591,leonardthechef@gmail.com,,,,,,,,,,Maybe - I'd like to learn more,Yes,Yes,,N/A (I've already done one),,Unavailable,Unavailable,"3PM-4PM, 4PM-5PM, 5PM-6PM, 6PM-7PM, 7PM-8PM, 8PM-9PM","3PM-4PM, 4PM-5PM, 5PM-6PM, 6PM-7PM, 7PM-8PM, 8PM-9PM","3PM-4PM, 4PM-5PM, 5PM-6PM, 6PM-7PM, 7PM-8PM, 8PM-9PM","3PM-4PM, 4PM-5PM, 5PM-6PM, 6PM-7PM, 7PM-8PM, 8PM-9PM","4PM-5PM, 5PM-6PM, 6PM-7PM, 7PM-8PM",Yes,Different shifts,N/A,"Summer, Fall",Yes,Yes,Yes - BOH,,Nelson German,No,646-823-5605,chefnelsongerman@gmail.com,"Yes, I’d love additional help",Maybe - I'd like more information,Yes
Newest Info,All Spice,Spring 2026,1/7/2026 21:05:12,Active,No,San Mateo ,"1602, South El Camino Real",Sachin Chopra,408-674-3725,sachin1chopra@gmail.com,,,,,,,,,,No,Yes,Yes,,N/A (I've already done one),,Unavailable,"12PM-1PM, 1PM-2PM, 2PM-3PM, 3PM-4PM, 4PM-5PM, 5PM-6PM, 6PM-7PM, 7PM-8PM, 8PM-9PM","12PM-1PM, 1PM-2PM, 2PM-3PM, 3PM-4PM, 4PM-5PM, 5PM-6PM, 6PM-7PM, 7PM-8PM, 8PM-9PM","12PM-1PM, 1PM-2PM, 2PM-3PM, 3PM-4PM, 4PM-5PM, 5PM-6PM, 6PM-7PM, 7PM-8PM","12PM-1PM, 1PM-2PM, 2PM-3PM, 3PM-4PM, 4PM-5PM, 5PM-6PM, 6PM-7PM, 7PM-8PM","12PM-1PM, 1PM-2PM, 2PM-3PM, 3PM-4PM, 4PM-5PM, 5PM-6PM, 6PM-7PM, 7PM-8PM",7PM-8PM,No,No preference,N/A,"Spring, Summer, Fall",Yes,Maybe - I'd like more information,Yes - BOH,,N/A,No,408-674-3725,sachin1chopra@gmail.com,"Maybe, I’d need more details",Yes,Maybe - I'd like more information
Newest Info,Broma Restaurant,Spring 2026,5/27/2025 17:32:58,Active,No,Mountain View,1625 N Shoreline Blvd,Aubree Arndt,810-240-5884,aarndt@theemeraldhour.com+,,,,,,,,,,Yes,Yes,No,,Yes,,"12PM-1PM, 1PM-2PM, 2PM-3PM, 3PM-4PM, 4PM-5PM, 5PM-6PM, 6PM-7PM, 7PM-8PM, 8PM-9PM","12PM-1PM, 1PM-2PM, 2PM-3PM, 3PM-4PM, 4PM-5PM, 5PM-6PM, 6PM-7PM, 7PM-8PM, 8PM-9PM","12PM-1PM, 1PM-2PM, 2PM-3PM, 3PM-4PM, 4PM-5PM, 5PM-6PM, 6PM-7PM, 7PM-8PM, 8PM-9PM","12PM-1PM, 1PM-2PM, 2PM-3PM, 3PM-4PM, 4PM-5PM, 5PM-6PM, 6PM-7PM, 7PM-8PM, 8PM-9PM","12PM-1PM, 1PM-2PM, 2PM-3PM, 3PM-4PM, 4PM-5PM, 5PM-6PM, 6PM-7PM, 7PM-8PM, 8PM-9PM","12PM-1PM, 1PM-2PM, 2PM-3PM, 3PM-4PM, 4PM-5PM, 5PM-6PM, 6PM-7PM, 7PM-8PM, 8PM-9PM",Unavailable,"If One could be part time in the morning, it is a possibility to host two people at the same time.",Different shifts,"Christmas eve and day, thanksgiving day","Spring, Summer, Fall",Yes,Yes,No,,Jarad Gallagher,"Scheduling, only me. Supervision yes, Sous Chef Michael Irizarry 817-905-7347 and Chandler Dixon, 650-678-1149",510-452-7829,jgallagher@theshashigroup.com,"Yes, I’d love additional help",Yes,Yes,,,,,,Broma Restaurant,Yes
Newest Info,D GARDEN CARIBBEAN,Spring 2026,1/7/2026 20:33:55,Active,Maybe - I need to check,NYC,4617 AVENUE D,CHAYSE KING,929-349-8757,EAT@DGARDENCARIBBEAN.COM,,,,,,,,,,Maybe - I'd like to learn more,Maybe - I'd like to learn more,No,,Yes,,"1PM-2PM, 2PM-3PM, 3PM-4PM, 4PM-5PM, 5PM-6PM, 6PM-7PM, 7PM-8PM, 8PM-9PM","1PM-2PM, 2PM-3PM, 3PM-4PM, 5PM-6PM, 6PM-7PM, 7PM-8PM, 8PM-9PM","1PM-2PM, 2PM-3PM, 3PM-4PM, 4PM-5PM, 5PM-6PM, 6PM-7PM, 7PM-8PM, 8PM-9PM","1PM-2PM, 2PM-3PM, 3PM-4PM, 4PM-5PM, 5PM-6PM, 6PM-7PM, 7PM-8PM, 8PM-9PM","1PM-2PM, 2PM-3PM, 3PM-4PM, 4PM-5PM, 5PM-6PM, 6PM-7PM, 7PM-8PM, 8PM-9PM","1PM-2PM, 2PM-3PM, 3PM-4PM, 4PM-5PM, 5PM-6PM, 6PM-7PM, 7PM-8PM, 8PM-9PM","1PM-2PM, 2PM-3PM, 3PM-4PM, 4PM-5PM, 5PM-6PM, 6PM-7PM, 7PM-8PM, 8PM-9PM",Yes,Different shifts,NONE,"Spring, Summer, Fall",Yes,Yes,"Yes - BOH, Yes - FOH",,ANGELA MILLS,NO,718-787-6970,EAT@CHAYSETHEFLAVAS.COM,"Maybe, I’d need more details",Yes,Yes,DGARDENRESERVATION@GMAIL.COM
Newest Info,Nudibranch,Spring 2026,4/3/2025 14:14:08,Active,Yes,NYC,125 1st Ave New York New York 10003,Matthew Lee,301-467-6934,matthew@nudibranchnyc.com,,,,,,,,,,Maybe - I'd like to learn more,Maybe - I'd like to learn more,No,,Yes,,"11AM-12PM, 12PM-1PM, 1PM-2PM, 2PM-3PM, 3PM-4PM, 4PM-5PM, 5PM-6PM, 6PM-7PM, 7PM-8PM, 8PM-9PM","11AM-12PM, 12PM-1PM, 1PM-2PM, 2PM-3PM, 3PM-4PM, 4PM-5PM, 5PM-6PM, 6PM-7PM, 7PM-8PM, 8PM-9PM","11AM-12PM, 12PM-1PM, 1PM-2PM, 2PM-3PM, 3PM-4PM, 4PM-5PM, 5PM-6PM, 6PM-7PM, 7PM-8PM, 8PM-9PM","11AM-12PM, 12PM-1PM, 1PM-2PM, 2PM-3PM, 3PM-4PM, 4PM-5PM, 5PM-6PM, 6PM-7PM, 7PM-8PM, 8PM-9PM","11AM-12PM, 12PM-1PM, 1PM-2PM, 2PM-3PM, 3PM-4PM, 4PM-5PM, 5PM-6PM, 6PM-7PM, 7PM-8PM, 8PM-9PM","11AM-12PM, 12PM-1PM, 1PM-2PM, 2PM-3PM, 3PM-4PM, 4PM-5PM, 5PM-6PM, 6PM-7PM, 7PM-8PM, 8PM-9PM",Unavailable,Maybe,No preference,Closed On Sundays,"Spring, Summer, Fall",Yes,Yes,Yes - BOH,,Jeffrey Kim,Chef Jiwon Bang- jiwon@nudibranchnyc.com,516-521-2887,jeff@nudibranchnyc.com,"Maybe, I’d need more details",Yes,Yes,,,,,,Nudibranch,Yes
Newest Info,Rethink Food Sustainable Community Kitchen,Spring 2026,4/3/2025 15:07:59,Active,No,NYC,116 W Houston Street New York NY 10012,Ken Baker,202-538-9680,kenb@rethinkfood.org,,,,,,,,,,Maybe - I'd like to learn more,Yes,Yes,,N/A (I've already done one),,"9AM-10AM, 10AM-11AM, 11AM-12PM, 12PM-1PM, 1PM-2PM, 2PM-3PM, 3PM-4PM, 4PM-5PM","9AM-10AM, 10AM-11AM, 11AM-12PM, 12PM-1PM, 1PM-2PM, 2PM-3PM, 3PM-4PM, 4PM-5PM","9AM-10AM, 10AM-11AM, 11AM-12PM, 12PM-1PM, 1PM-2PM, 2PM-3PM, 3PM-4PM, 4PM-5PM","9AM-10AM, 10AM-11AM, 11AM-12PM, 12PM-1PM, 1PM-2PM, 2PM-3PM, 3PM-4PM, 4PM-5PM","9AM-10AM, 10AM-11AM, 11AM-12PM, 12PM-1PM, 1PM-2PM, 2PM-3PM, 3PM-4PM, 4PM-5PM",Unavailable,Unavailable,Yes,Same shifts,Week of 7/4/2025 we are closed for entire week,"Spring, Summer, Fall",Yes,Yes,Maybe,,Rob Hartman ,Patrice McCloud  202-812-4045 (Ken's Assistant) ,916-600-7122,roberth@rethinkfood.org,"Yes, I’d love additional help",Yes,Yes,,,,,,Rethink Food Sustainable Community Kitchen,Yes
,The Nourish Spot,Spring 2026,4/15/2025 6:17:09,Active,No,NYC,"10705 Guy R Brewer Blvd Jamaica, NY 11433",Dawn Kelly,929-333-2826,nourish.eden@gmail.com,,,,,,,,,,Maybe - I'd like to learn more,Yes,Yes,,N/A (I've already done one),,"9AM-10AM, 10AM-11AM, 11AM-12PM, 12PM-1PM, 1PM-2PM, 2PM-3PM, 3PM-4PM, 4PM-5PM, 5PM-6PM","9AM-10AM, 10AM-11AM, 11AM-12PM, 12PM-1PM, 1PM-2PM, 2PM-3PM, 3PM-4PM, 4PM-5PM, 5PM-6PM","9AM-10AM, 10AM-11AM, 11AM-12PM, 12PM-1PM, 1PM-2PM, 2PM-3PM, 3PM-4PM, 4PM-5PM, 5PM-6PM","9AM-10AM, 10AM-11AM, 11AM-12PM, 12PM-1PM, 1PM-2PM, 2PM-3PM, 3PM-4PM, 4PM-5PM, 5PM-6PM","9AM-10AM, 10AM-11AM, 11AM-12PM, 12PM-1PM, 1PM-2PM, 2PM-3PM, 3PM-4PM, 4PM-5PM, 5PM-6PM","9AM-10AM, 10AM-11AM, 11AM-12PM, 12PM-1PM, 1PM-2PM, 2PM-3PM, 3PM-4PM, 4PM-5PM",Unavailable,Yes,Different shifts,N/A,"Spring, Summer, Fall",Yes,Yes,Yes - BOH,,Denzel Sancho ,Jade Duncan jaded@nourishyou.com,718-526-2099,nourish.eden@gmail.com,"Maybe, I’d need more details",Yes,Yes,,,,,,The Nourish Spot ,Yes
Newest Info,Little Maven,Spring 2026,5/2/2025 16:29:31,Active,Yes,NYC,30 W 18th St,Angela Pinto,929-326-0342,angela@littlemavenrestaurant.com,,,,,,,,,,Maybe - I'd like to learn more,Yes,No,,Yes,,Unavailable,"11AM-12PM, 12PM-1PM, 1PM-2PM, 2PM-3PM, 3PM-4PM, 4PM-5PM","11AM-12PM, 12PM-1PM, 1PM-2PM, 2PM-3PM, 3PM-4PM, 4PM-5PM","11AM-12PM, 12PM-1PM, 1PM-2PM, 2PM-3PM, 3PM-4PM, 4PM-5PM","11AM-12PM, 12PM-1PM, 1PM-2PM, 2PM-3PM, 3PM-4PM, 4PM-5PM","11AM-12PM, 12PM-1PM, 1PM-2PM, 2PM-3PM, 3PM-4PM, 4PM-5PM",Unavailable,Yes,No preference,Memorial Day and Fourth of July,"Spring, Summer, Fall",Yes,Maybe - I'd like more information,"Yes - BOH, Yes - FOH",,Benjamin Artuso,,908-510-8371,ben@littlemavenrestaurant.com,"Maybe, I’d need more details",Yes,Maybe - I'd like more information,,,,,,Little Maven,Maybe - I'd like more information
Newest Info,Manousheh,Spring 2026,5/6/2025 8:01:41,Active,Yes,NYC,403 Grand Street,Nour,646-571-5532,nour@manousheh.com,,,,,,,,,,No,No,No,,"if you explain, who is being background checked? If your intern, yes.",,"9AM-10AM, 10AM-11AM, 11AM-12PM, 12PM-1PM, 1PM-2PM, 2PM-3PM, 3PM-4PM, 4PM-5PM","9AM-10AM, 10AM-11AM, 11AM-12PM, 12PM-1PM, 1PM-2PM, 2PM-3PM, 3PM-4PM, 4PM-5PM","9AM-10AM, 10AM-11AM, 11AM-12PM, 12PM-1PM, 1PM-2PM, 2PM-3PM, 3PM-4PM, 4PM-5PM","9AM-10AM, 10AM-11AM, 11AM-12PM, 12PM-1PM, 1PM-2PM, 2PM-3PM, 3PM-4PM, 4PM-5PM","9AM-10AM, 10AM-11AM, 11AM-12PM, 12PM-1PM, 1PM-2PM, 2PM-3PM, 3PM-4PM, 4PM-5PM",Unavailable,Unavailable,No,,july 4,"Spring, Summer, Fall",Yes,No,No,,Ziyad,no,202-390-3143,ziyad@manousheh.com,"No, not at this time",Yes,No
Newest Info,PJ's on the Bay,Spring 2026,4/3/2025 19:16:23,Active,No,NYC,3041 Avenue V Brooklyn NY 11229,Yajaira Springer,516-246-3030,Chefyaya@kdscomfortfood.com,,,,,,,,,,Maybe - I'd like to learn more,Yes,Yes,,N/A (I've already done one),,Unavailable,"5PM-6PM, 6PM-7PM, 7PM-8PM, 8PM-9PM","5PM-6PM, 6PM-7PM, 7PM-8PM, 8PM-9PM","4PM-5PM, 5PM-6PM, 6PM-7PM, 7PM-8PM, 8PM-9PM","4PM-5PM, 5PM-6PM, 6PM-7PM, 7PM-8PM","4PM-5PM, 5PM-6PM, 6PM-7PM, 7PM-8PM","4PM-5PM, 5PM-6PM, 6PM-7PM, 7PM-8PM",Yes,Different shifts,None,"Spring, Summer, Fall",Yes,Yes,Maybe,,,,,,"Yes, I’d love additional help",Yes,Yes,,,,,,PJ's on the Bay,Yes
Newest Info,Kokomo Hospitality Group,Spring 2026,5/13/2025 10:38:45,Active,Yes,NYC,"65 Kent Ave, Brooklyn, NY 11249",Kevol Graham,718-413-9400,kevol@kokomonyc.com,,,,,,,,,,Maybe - I'd like to learn more,Yes,No,,Yes,we have two locations that is less than 1 minute away from each other. [ The OX Wine bar ],Unavailable,Unavailable,Unavailable,"All Day (9AM-9PM), 9AM-10AM, 10AM-11AM, 11AM-12PM, 12PM-1PM, 1PM-2PM, 2PM-3PM, 3PM-4PM, 4PM-5PM","All Day (9AM-9PM), 9AM-10AM, 10AM-11AM, 11AM-12PM, 12PM-1PM, 1PM-2PM, 2PM-3PM, 3PM-4PM, 4PM-5PM","All Day (9AM-9PM), 9AM-10AM, 10AM-11AM, 11AM-12PM, 12PM-1PM, 1PM-2PM, 2PM-3PM, 3PM-4PM, 4PM-5PM","All Day (9AM-9PM), 9AM-10AM, 10AM-11AM, 11AM-12PM, 12PM-1PM, 1PM-2PM, 2PM-3PM, 3PM-4PM, 4PM-5PM",Yes,No preference,We are closed on Monday and Tuesday,"Spring, Summer, Fall",Yes,Yes,"Yes - BOH, Yes - FOH",,Joel Clacken ,Qubilah Quallis  - que@kokomonyc.com,718-924-7896,joel@kokomonyc.com,"Yes, I’d love additional help",Yes,Yes,,,,,,Kokomo Hospitality Group ,Yes
Newest Info,Aska,Spring 2026,9/6/2025 2:30:37,Active,Yes,NYC,"47 South 5th st, Brooklyn, NY 11249",David Maihle,240-440-7713,david@askanyc.com,,,,,,,,,,No,No,No,,Yes,,Unavailable,Unavailable,"10AM-11AM, 11AM-12PM, 12PM-1PM, 1PM-2PM, 2PM-3PM, 3PM-4PM, 4PM-5PM, 5PM-6PM","10AM-11AM, 11AM-12PM, 12PM-1PM, 1PM-2PM, 2PM-3PM, 3PM-4PM, 4PM-5PM, 5PM-6PM","10AM-11AM, 11AM-12PM, 12PM-1PM, 1PM-2PM, 2PM-3PM, 3PM-4PM, 4PM-5PM, 5PM-6PM","10AM-11AM, 11AM-12PM, 12PM-1PM, 1PM-2PM, 2PM-3PM, 3PM-4PM, 4PM-5PM, 5PM-6PM",Unavailable,No,,11/27 Thanksgiving Day,"Spring, Summer",Yes,Yes,No,,Juan Pazmino,,929-570-8775,Juan@askanyc.com,"Maybe, I’d need more details",No,Maybe - I'd like more information
Newest Info,The Musket Room,Spring 2026,4/8/2025 8:20:49,Paused,Yes,NYC,265 Elizabeth St.,Max Cruz,917-292-1837,max@musketroom.com,,,,,,,,,,Yes,Yes,Yes,,N/A (I've already done one),,,"10AM-11AM, 11AM-12PM, 12PM-1PM, 1PM-2PM, 2PM-3PM, 3PM-4PM, 4PM-5PM","10AM-11AM, 11AM-12PM, 12PM-1PM, 1PM-2PM, 2PM-3PM, 3PM-4PM, 4PM-5PM","10AM-11AM, 11AM-12PM, 12PM-1PM, 1PM-2PM, 2PM-3PM, 3PM-4PM, 4PM-5PM","10AM-11AM, 11AM-12PM, 12PM-1PM, 1PM-2PM, 2PM-3PM, 3PM-4PM, 4PM-5PM","10AM-11AM, 11AM-12PM, 12PM-1PM, 1PM-2PM, 2PM-3PM, 3PM-4PM, 4PM-5PM",Unavailable,No,,July 4th,"Spring, Summer, Fall",Yes,Maybe - I'd like more information,Yes - BOH,,Noah Ponjuan,,347-734-8003,noah@musketroom.com,"Yes, I’d love additional help",Yes,Maybe - I'd like more information,,,,,,The Musket Room,Maybe - I'd like more information
Newest Info,Burdell,Spring 2026,4/12/2025 23:47:49,Paused,No,Oakland,"4640 Telegraph Ave, Oakland, CA 94609, United States",Geoff Davis,(209)918-3697,kitchen.burdell@gmail.com,,,,,,,,,,Maybe - I'd like to learn more,Maybe - I'd like to learn more,Yes,,N/A (I've already done one),,Unavailable,Unavailable,All Day (9AM-9PM),All Day (9AM-9PM),All Day (9AM-9PM),All Day (9AM-9PM),All Day (9AM-9PM),No,,July 2-3,"Spring, Summer, Fall",Yes,Maybe - I'd like more information,"Yes - BOH, Yes - FOH",,Brandon Cavazos,"Geoff Davis, kitchen.burdell@gmail.com (209)918-3697",510-301-7267,brandonc.burdell@gmail.com,"Maybe, I’d need more details",Maybe - I'd like more information,Maybe - I'd like more information,,,,,,Burdell,Maybe - I'd like more information
Newest Info,Joodooboo,Spring 2026,1/8/2026 17:30:32,Paused,Yes,Oakland,"4201 Market St, Oakland, CA 94608",Steve Joo,714-943-0107,info@joodooboo.co,,,,,,,,,,Maybe - I'd like to learn more,Yes,No,,Yes,,Unavailable,"4PM-5PM, 5PM-6PM, 6PM-7PM, 7PM-8PM, 8PM-9PM","4PM-5PM, 5PM-6PM, 6PM-7PM, 7PM-8PM, 8PM-9PM","4PM-5PM, 5PM-6PM, 6PM-7PM, 7PM-8PM, 8PM-9PM","4PM-5PM, 5PM-6PM, 6PM-7PM, 7PM-8PM, 8PM-9PM","4PM-5PM, 5PM-6PM, 6PM-7PM, 7PM-8PM, 8PM-9PM",Unavailable,No,,n/a,"Do not auto-enroll me as a restaurant host, check in with me each season about my schedule",Yes,Maybe - I'd like more information,"Yes - BOH, Yes - FOH",,Sarah Kasai,no,626-253-0142,sarah@joodooboo.co,"No, not at this time",Yes,Maybe - I'd like more information,venmo @joodooboo
Newest Info,Sirene,Spring 2026,4/1/2025 11:15:47,Paused,No,Oakland,"3308 Grand Ave, Oakland CA 94610",Gavin Schmidt,415-994-1089,Gavin@sirene-oak.com,,,,,,,,,,Maybe - I'd like to learn more,No,No,,Yes,Nope,Unavailable,Unavailable,All Day (9AM-9PM),All Day (9AM-9PM),All Day (9AM-9PM),All Day (9AM-9PM),All Day (9AM-9PM),Yes,No preference,N/a,"Spring, Summer, Fall",Yes,Maybe - I'd like more information,"Yes - BOH, Yes - FOH",,Gavin Schmidt,Chris williams,415-994-1089,Gavin@sirene-oak.com,"Maybe, I’d need more details",Yes,Maybe - I'd like more information,,,,,,Sirene,Maybe - I'd like more information
